tip,grup_id,dosya_yolu,boyut_kb,son_degisiklik
birebir,44,C:\Users\EKO\Downloads\Flaş Arşivi\Aile fotoları\Screenshot_20210912-135336.png,967.5,2021-09-12 13:53
birebir,44,C:\Users\EKO\Downloads\Flaş Arşivi\Minnara\Screenshot_20210912-135336.png,967.5,2021-09-12 13:53
birebir,47,C:\Users\EKO\Downloads\Flaş Arşivi\Astro seek\vedik astroloji\Bersu Elif Vedik Harita.jpg,481.7,2022-10-26 09:38
birebir,47,C:\Users\EKO\Downloads\Flaş Arşivi\vedik astroloji\Bersu Elif Vedik Harita.jpg,481.7,2022-10-26 09:38
birebir,48,C:\Users\EKO\Downloads\Flaş Arşivi\Astro seek\vedik astroloji\Eko Vedik Horoscope.jpg,481.2,2022-10-26 09:52
birebir,48,C:\Users\EKO\Downloads\Flaş Arşivi\vedik astroloji\Eko Vedik Horoscope.jpg,481.2,2022-10-26 09:52
birebir,49,C:\Users\EKO\Downloads\Flaş Arşivi\Astro seek\vedik astroloji\Gökçe Efe Vedik Harita.jpg,474.3,2022-10-26 09:47
birebir,49,C:\Users\EKO\Downloads\Flaş Arşivi\vedik astroloji\Gökçe Efe Vedik Harita.jpg,474.3,2022-10-26 09:47
birebir,50,C:\Users\EKO\Downloads\Flaş Arşivi\Astro seek\vedik astroloji\zoroscope name.jpg,39.7,2022-10-26 09:41
birebir,50,C:\Users\EKO\Downloads\Flaş Arşivi\vedik astroloji\horoscope name.jpg,39.7,2022-10-26 09:41
birebir,150,C:\Users\EKO\Downloads\Flaş Arşivi\cepten gelenler\1617669282244.jpg,51.7,2021-04-06 03:34
birebir,150,C:\Users\EKO\Downloads\Flaş Arşivi\Minnara\1617669282244.jpg,51.7,2021-04-06 03:34
birebir,151,C:\Users\EKO\Downloads\Flaş Arşivi\cepten gelenler\1617669282407.jpg,23.1,2021-04-06 03:34
birebir,151,C:\Users\EKO\Downloads\Flaş Arşivi\Minnara\1617669282407.jpg,23.1,2021-04-06 03:34
birebir,267,C:\Users\EKO\Downloads\Flaş Arşivi\cepten gelenler\IMG_20200517_115223.jpg,100.0,2020-05-17 11:52
birebir,267,C:\Users\EKO\Downloads\Flaş Arşivi\Minnara\IMG_20200517_115223.jpg,100.0,2020-05-17 11:52
birebir,552,C:\Users\EKO\Downloads\Flaş Arşivi\cepten gelenler\IMG_20210901_125647.jpg,34.2,2021-09-01 12:56
birebir,552,C:\Users\EKO\Downloads\Flaş Arşivi\Ekran Görüntüleri\IMG_20210901_125647.jpg,34.2,2021-09-01 12:56
birebir,553,C:\Users\EKO\Downloads\Flaş Arşivi\cepten gelenler\IMG_20210901_213239.jpg,64.0,2021-09-01 21:32
birebir,553,C:\Users\EKO\Downloads\Flaş Arşivi\Ekran Görüntüleri\IMG_20210901_213239.jpg,64.0,2021-09-01 21:32
birebir,555,C:\Users\EKO\Downloads\Flaş Arşivi\cepten gelenler\IMG_20210901_225559.jpg,83.9,2021-09-01 22:56
birebir,555,C:\Users\EKO\Downloads\Flaş Arşivi\Ekran Görüntüleri\IMG_20210901_225559.jpg,83.9,2021-09-01 22:56
birebir,556,C:\Users\EKO\Downloads\Flaş Arşivi\cepten gelenler\IMG_20210901_232827.jpg,153.9,2021-09-01 23:28
birebir,556,C:\Users\EKO\Downloads\Flaş Arşivi\Ekran Görüntüleri\IMG_20210901_232827.jpg,153.9,2021-09-01 23:28
birebir,557,C:\Users\EKO\Downloads\Flaş Arşivi\cepten gelenler\IMG_20210902_120229.jpg,370.3,2021-09-02 12:02
birebir,557,C:\Users\EKO\Downloads\Flaş Arşivi\Ekran Görüntüleri\IMG_20210902_120229.jpg,370.3,2021-09-02 12:02
birebir,558,C:\Users\EKO\Downloads\Flaş Arşivi\cepten gelenler\IMG_20210906_020441.jpg,27.9,2021-09-06 02:04
birebir,558,C:\Users\EKO\Downloads\Flaş Arşivi\Ekran Görüntüleri\IMG_20210906_020441.jpg,27.9,2021-09-06 02:04
birebir,559,C:\Users\EKO\Downloads\Flaş Arşivi\cepten gelenler\IMG_20210906_023439.jpg,75.6,2021-09-06 02:34
birebir,559,C:\Users\EKO\Downloads\Flaş Arşivi\Ekran Görüntüleri\IMG_20210906_023439.jpg,75.6,2021-09-06 02:34
birebir,560,C:\Users\EKO\Downloads\Flaş Arşivi\cepten gelenler\IMG_20210906_023833.jpg,341.7,2021-09-06 02:38
birebir,560,C:\Users\EKO\Downloads\Flaş Arşivi\Ekran Görüntüleri\IMG_20210906_023833.jpg,341.7,2021-09-06 02:38
birebir,560,C:\Users\EKO\Downloads\Flaş Arşivi\Minnara\IMG_20210906_023833.jpg,341.7,2021-09-06 02:38
birebir,561,C:\Users\EKO\Downloads\Flaş Arşivi\cepten gelenler\IMG_20210906_023841.jpg,306.6,2021-09-06 02:38
birebir,561,C:\Users\EKO\Downloads\Flaş Arşivi\Ekran Görüntüleri\IMG_20210906_023841.jpg,306.6,2021-09-06 02:38
birebir,561,C:\Users\EKO\Downloads\Flaş Arşivi\Minnara\IMG_20210906_023841.jpg,306.6,2021-09-06 02:38
birebir,562,C:\Users\EKO\Downloads\Flaş Arşivi\cepten gelenler\IMG_20210906_041450.jpg,63.7,2021-09-06 04:14
birebir,562,C:\Users\EKO\Downloads\Flaş Arşivi\Ekran Görüntüleri\IMG_20210906_041450.jpg,63.7,2021-09-06 04:14
birebir,563,C:\Users\EKO\Downloads\Flaş Arşivi\cepten gelenler\IMG_20210906_165445.jpg,52.5,2021-09-06 16:54
birebir,563,C:\Users\EKO\Downloads\Flaş Arşivi\Ekran Görüntüleri\IMG_20210906_165445.jpg,52.5,2021-09-06 16:54
birebir,564,C:\Users\EKO\Downloads\Flaş Arşivi\cepten gelenler\IMG_20210906_172957.jpg,166.9,2021-09-06 17:29
birebir,564,C:\Users\EKO\Downloads\Flaş Arşivi\Ekran Görüntüleri\IMG_20210906_172957.jpg,166.9,2021-09-06 17:29
birebir,565,C:\Users\EKO\Downloads\Flaş Arşivi\cepten gelenler\IMG_20210906_191344.jpg,416.9,2021-09-06 19:13
birebir,565,C:\Users\EKO\Downloads\Flaş Arşivi\Ekran Görüntüleri\IMG_20210906_191344.jpg,416.9,2021-09-06 19:13
birebir,566,C:\Users\EKO\Downloads\Flaş Arşivi\cepten gelenler\IMG_20210906_233350.jpg,101.5,2021-09-06 23:33
birebir,566,C:\Users\EKO\Downloads\Flaş Arşivi\Ekran Görüntüleri\IMG_20210906_233350.jpg,101.5,2021-09-06 23:33
birebir,568,C:\Users\EKO\Downloads\Flaş Arşivi\cepten gelenler\IMG_20210908_122617.jpg,89.9,2021-09-08 12:26
birebir,568,C:\Users\EKO\Downloads\Flaş Arşivi\Ekran Görüntüleri\IMG_20210908_122617.jpg,89.9,2021-09-08 12:26
birebir,569,C:\Users\EKO\Downloads\Flaş Arşivi\cepten gelenler\IMG_20210908_190021.jpg,479.6,2021-09-08 19:00
birebir,569,C:\Users\EKO\Downloads\Flaş Arşivi\Ekran Görüntüleri\IMG_20210908_190021.jpg,479.6,2021-09-08 19:00
birebir,570,C:\Users\EKO\Downloads\Flaş Arşivi\cepten gelenler\IMG_20210910_010337.jpg,37.6,2021-09-10 01:03
birebir,570,C:\Users\EKO\Downloads\Flaş Arşivi\Ekran Görüntüleri\IMG_20210910_010337.jpg,37.6,2021-09-10 01:03
birebir,571,C:\Users\EKO\Downloads\Flaş Arşivi\cepten gelenler\IMG_20210912_003257.jpg,94.6,2021-09-12 00:32
birebir,571,C:\Users\EKO\Downloads\Flaş Arşivi\Ekran Görüntüleri\IMG_20210912_003257.jpg,94.6,2021-09-12 00:32
birebir,573,C:\Users\EKO\Downloads\Flaş Arşivi\cepten gelenler\IMG_20210912_011028.jpg,348.6,2021-09-12 01:10
birebir,573,C:\Users\EKO\Downloads\Flaş Arşivi\Ekran Görüntüleri\IMG_20210912_011028.jpg,348.6,2021-09-12 01:10
birebir,574,C:\Users\EKO\Downloads\Flaş Arşivi\cepten gelenler\IMG_20210912_125305.jpg,24.6,2021-09-12 12:53
birebir,574,C:\Users\EKO\Downloads\Flaş Arşivi\Ekran Görüntüleri\IMG_20210912_125305.jpg,24.6,2021-09-12 12:53
birebir,575,C:\Users\EKO\Downloads\Flaş Arşivi\cepten gelenler\IMG_20210913_143721.jpg,318.0,2021-09-13 14:37
birebir,575,C:\Users\EKO\Downloads\Flaş Arşivi\Ekran Görüntüleri\IMG_20210913_143721.jpg,318.0,2021-09-13 14:37
birebir,576,C:\Users\EKO\Downloads\Flaş Arşivi\cepten gelenler\IMG_20210913_143724.jpg,160.7,2021-09-13 14:37
birebir,576,C:\Users\EKO\Downloads\Flaş Arşivi\Ekran Görüntüleri\IMG_20210913_143724.jpg,160.7,2021-09-13 14:37
birebir,577,C:\Users\EKO\Downloads\Flaş Arşivi\cepten gelenler\IMG_20210913_171326.jpg,1264.9,2021-09-13 17:13
birebir,577,C:\Users\EKO\Downloads\Flaş Arşivi\Ekran Görüntüleri\IMG_20210913_171326.jpg,1264.9,2021-09-13 17:13
birebir,578,C:\Users\EKO\Downloads\Flaş Arşivi\cepten gelenler\IMG_20210913_211615.jpg,88.3,2021-09-13 21:16
birebir,578,C:\Users\EKO\Downloads\Flaş Arşivi\Ekran Görüntüleri\IMG_20210913_211615.jpg,88.3,2021-09-13 21:16
birebir,579,C:\Users\EKO\Downloads\Flaş Arşivi\cepten gelenler\IMG_20210913_214908.jpg,273.3,2021-09-13 21:49
birebir,579,C:\Users\EKO\Downloads\Flaş Arşivi\Ekran Görüntüleri\IMG_20210913_214908.jpg,273.3,2021-09-13 21:49
birebir,580,C:\Users\EKO\Downloads\Flaş Arşivi\cepten gelenler\IMG_20210916_022500.jpg,97.9,2021-09-16 02:25
birebir,580,C:\Users\EKO\Downloads\Flaş Arşivi\Ekran Görüntüleri\IMG_20210916_022500.jpg,97.9,2021-09-16 02:25
birebir,581,C:\Users\EKO\Downloads\Flaş Arşivi\cepten gelenler\IMG_20210916_022508.jpg,91.3,2021-09-16 02:25
birebir,581,C:\Users\EKO\Downloads\Flaş Arşivi\Ekran Görüntüleri\IMG_20210916_022508.jpg,91.3,2021-09-16 02:25
birebir,582,C:\Users\EKO\Downloads\Flaş Arşivi\cepten gelenler\IMG_20210916_022515.jpg,336.0,2021-09-16 02:25
birebir,582,C:\Users\EKO\Downloads\Flaş Arşivi\Ekran Görüntüleri\IMG_20210916_022515.jpg,336.0,2021-09-16 02:25
birebir,730,C:\Users\EKO\Downloads\Flaş Arşivi\cepten gelenler\Screenshot_20210916-000532.png,1817.1,2021-09-16 00:05
birebir,730,C:\Users\EKO\Downloads\Flaş Arşivi\Ekran Görüntüleri\Screenshot_20210916-000532.png,1817.1,2021-09-16 00:05
benzer,38,C:\Users\EKO\Desktop\Tor Browser\Browser\browser\VisualElements\VisualElements_70.png,3.3,2000-01-01 03:00
benzer,39,C:\Users\EKO\Desktop\Tor Browser\Browser\browser\VisualElements\VisualElements_150.png,7.8,2000-01-01 03:00
benzer,40,C:\Users\EKO\Downloads\Flaş Arşivi\Aile fotoları\Efeee331.jpg,75.8,2022-11-22 18:11
benzer,41,C:\Users\EKO\Downloads\Flaş Arşivi\Aile fotoları\Efee3.jpg,75.8,2022-11-22 18:09
benzer,42,C:\Users\EKO\Downloads\Flaş Arşivi\Minnara\Screenshot_20210912-135336.png,967.5,2021-09-12 13:53
benzer,43,C:\Users\EKO\Downloads\Flaş Arşivi\Aile fotoları\Screenshot_20210912-135336.png,967.5,2021-09-12 13:53
benzer,44,C:\Users\EKO\Downloads\Flaş Arşivi\vedik astroloji\Bersu Elif Vedik Harita.jpg,481.7,2022-10-26 09:38
benzer,45,C:\Users\EKO\Downloads\Flaş Arşivi\Astro seek\vedik astroloji\Bersu Elif Vedik Harita.jpg,481.7,2022-10-26 09:38
benzer,46,C:\Users\EKO\Downloads\Flaş Arşivi\vedik astroloji\Eko Vedik Horoscope.jpg,481.2,2022-10-26 09:52
benzer,47,C:\Users\EKO\Downloads\Flaş Arşivi\Astro seek\vedik astroloji\Eko Vedik Horoscope.jpg,481.2,2022-10-26 09:52
benzer,48,C:\Users\EKO\Downloads\Flaş Arşivi\vedik astroloji\Gökçe Efe Vedik Harita.jpg,474.3,2022-10-26 09:47
benzer,49,C:\Users\EKO\Downloads\Flaş Arşivi\Astro seek\vedik astroloji\Gökçe Efe Vedik Harita.jpg,474.3,2022-10-26 09:47
benzer,50,C:\Users\EKO\Downloads\Flaş Arşivi\vedik astroloji\horoscope name.jpg,39.7,2022-10-26 09:41
benzer,51,C:\Users\EKO\Downloads\Flaş Arşivi\Astro seek\vedik astroloji\zoroscope name.jpg,39.7,2022-10-26 09:41
benzer,52,C:\Users\EKO\Downloads\Flaş Arşivi\Minnara\IMG_20200907_145824_3.jpg,3549.7,2020-09-07 14:58
benzer,53,C:\Users\EKO\Downloads\Flaş Arşivi\cepten gelenler\1599492297413.jpg,23.3,2020-09-07 18:24
benzer,54,C:\Users\EKO\Downloads\Flaş Arşivi\Minnara\IMG_20200907_121219_6.jpg,3597.2,2020-09-07 12:12
benzer,55,C:\Users\EKO\Downloads\Flaş Arşivi\cepten gelenler\1599492298168.jpg,68.7,2020-09-07 18:24
benzer,56,C:\Users\EKO\Downloads\Flaş Arşivi\cepten gelenler\IMG_20200801_122626_5.jpg,1683.6,2020-09-26 22:48
benzer,57,C:\Users\EKO\Downloads\Flaş Arşivi\cepten gelenler\1601149702923.jpg,63.9,2020-09-26 22:48
benzer,58,C:\Users\EKO\Downloads\Flaş Arşivi\cepten gelenler\1617669285914.jpg,65.6,2021-04-06 03:34
benzer,58,C:\Users\EKO\Downloads\Flaş Arşivi\cepten gelenler\1601748672638.jpg,65.6,2020-10-03 21:11
benzer,59,C:\Users\EKO\Downloads\Flaş Arşivi\cepten gelenler\1617669285914.jpg,65.6,2021-04-06 03:34
benzer,59,C:\Users\EKO\Downloads\Flaş Arşivi\cepten gelenler\1601320042835.jpg,65.6,2020-09-28 22:07
benzer,60,C:\Users\EKO\Downloads\Flaş Arşivi\cepten gelenler\1601320042835.jpg,65.6,2020-09-28 22:07
benzer,60,C:\Users\EKO\Downloads\Flaş Arşivi\cepten gelenler\1601748672638.jpg,65.6,2020-10-03 21:11
benzer,61,C:\Users\EKO\Downloads\Flaş Arşivi\cepten gelenler\IMG_20200928_144441_4.jpg,4722.8,2020-09-28 14:44
benzer,61,C:\Users\EKO\Downloads\Flaş Arşivi\cepten gelenler\1617669286965.jpg,43.8,2021-04-06 03:34
benzer,62,C:\Users\EKO\Downloads\Flaş Arşivi\cepten gelenler\IMG_20200928_144441_4.jpg,4722.8,2020-09-28 14:44
benzer,62,C:\Users\EKO\Downloads\Flaş Arşivi\cepten gelenler\1601320043459.jpg,43.8,2020-09-28 22:07
benzer,63,C:\Users\EKO\Downloads\Flaş Arşivi\cepten gelenler\1617669286965.jpg,43.8,2021-04-06 03:34
benzer,63,C:\Users\EKO\Downloads\Flaş Arşivi\cepten gelenler\1601320043459.jpg,43.8,2020-09-28 22:07
benzer,64,C:\Users\EKO\Downloads\Flaş Arşivi\cepten gelenler\IMG_20200929_211125.jpg,252.5,2020-09-29 21:11
benzer,65,C:\Users\EKO\Downloads\Flaş Arşivi\cepten gelenler\1601748672032.jpg,22.5,2020-10-03 21:11
benzer,66,C:\Users\EKO\Downloads\Flaş Arşivi\cepten gelenler\IMG_20200929_211119.jpg,355.7,2020-09-29 21:11
benzer,66,C:\Users\EKO\Downloads\Flaş Arşivi\cepten gelenler\1617669285986.jpg,36.7,2021-04-06 03:34
benzer,67,C:\Users\EKO\Downloads\Flaş Arşivi\cepten gelenler\IMG_20200929_211119.jpg,355.7,2020-09-29 21:11
benzer,67,C:\Users\EKO\Downloads\Flaş Arşivi\cepten gelenler\1601748672292.jpg,36.8,2020-10-03 21:11
benzer,68,C:\Users\EKO\Downloads\Flaş Arşivi\cepten gelenler\1617669285986.jpg,36.7,2021-04-06 03:34
benzer,68,C:\Users\EKO\Downloads\Flaş Arşivi\cepten gelenler\1601748672292.jpg,36.8,2020-10-03 21:11
benzer,69,C:\Users\EKO\Downloads\Flaş Arşivi\cepten gelenler\IMG_20200929_200426.jpg,75.2,2020-09-29 20:04
benzer,70,C:\Users\EKO\Downloads\Flaş Arşivi\cepten gelenler\1601748672401.jpg,31.3,2020-10-03 21:11
benzer,71,C:\Users\EKO\Downloads\Flaş Arşivi\cepten gelenler\1617669286048.jpg,49.2,2021-04-06 03:34
benzer,72,C:\Users\EKO\Downloads\Flaş Arşivi\cepten gelenler\1601748673145.jpg,49.8,2020-10-03 21:11
benzer,73,C:\Users\EKO\Downloads\Flaş Arşivi\cepten gelenler\1617669284737.jpg,51.1,2021-04-06 03:34
benzer,74,C:\Users\EKO\Downloads\Flaş Arşivi\cepten gelenler\1602592352670.jpg,51.2,2020-10-13 15:32
benzer,75,C:\Users\EKO\Downloads\Flaş Arşivi\cepten gelenler\1617669272903.jpg,38.3,2021-04-06 03:34
benzer,75,C:\Users\EKO\Downloads\Flaş Arşivi\cepten gelenler\IMG_20210103_010148.jpg,117.8,2021-01-03 01:01
benzer,76,C:\Users\EKO\Downloads\Flaş Arşivi\cepten gelenler\1609891203853.jpg,38.4,2021-01-06 03:00
benzer,76,C:\Users\EKO\Downloads\Flaş Arşivi\cepten gelenler\IMG_20210103_010148.jpg,117.8,2021-01-03 01:01
benzer,77,C:\Users\EKO\Downloads\Flaş Arşivi\cepten gelenler\1617669272903.jpg,38.3,2021-04-06 03:34
benzer,77,C:\Users\EKO\Downloads\Flaş Arşivi\cepten gelenler\1609891203853.jpg,38.4,2021-01-06 03:00
benzer,78,C:\Users\EKO\Downloads\Flaş Arşivi\cepten gelenler\1617669272851.jpg,11.5,2021-04-06 03:34
benzer,78,C:\Users\EKO\Downloads\Flaş Arşivi\cepten gelenler\IMG_20210103_010135.jpg,1308.8,2021-01-03 01:01
benzer,79,C:\Users\EKO\Downloads\Flaş Arşivi\cepten gelenler\1609891204421.jpg,11.5,2021-01-06 03:00
benzer,79,C:\Users\EKO\Downloads\Flaş Arşivi\cepten gelenler\IMG_20210103_010135.jpg,1308.8,2021-01-03 01:01
benzer,80,C:\Users\EKO\Downloads\Flaş Arşivi\cepten gelenler\1609891204421.jpg,11.5,2021-01-06 03:00
benzer,80,C:\Users\EKO\Downloads\Flaş Arşivi\cepten gelenler\1617669272851.jpg,11.5,2021-04-06 03:34
benzer,81,C:\Users\EKO\Downloads\Flaş Arşivi\cepten gelenler\1617669273258.jpg,21.8,2021-04-06 03:34
benzer,81,C:\Users\EKO\Downloads\Flaş Arşivi\cepten gelenler\Screenshot_20201230-213742.png,875.6,2020-12-30 21:37
benzer,82,C:\Users\EKO\Downloads\Flaş Arşivi\cepten gelenler\1609891208220.jpg,21.8,2021-01-06 03:00
benzer,82,C:\Users\EKO\Downloads\Flaş Arşivi\cepten gelenler\Screenshot_20201230-213742.png,875.6,2020-12-30 21:37
benzer,83,C:\Users\EKO\Downloads\Flaş Arşivi\cepten gelenler\1617669273258.jpg,21.8,2021-04-06 03:34
benzer,83,C:\Users\EKO\Downloads\Flaş Arşivi\cepten gelenler\1609891208220.jpg,21.8,2021-01-06 03:00
benzer,84,C:\Users\EKO\Downloads\Flaş Arşivi\cepten gelenler\IMG_20201229_141814.jpg,179.6,2020-12-29 14:18
benzer,84,C:\Users\EKO\Downloads\Flaş Arşivi\cepten gelenler\1617669273174.jpg,60.1,2021-04-06 03:34
benzer,85,C:\Users\EKO\Downloads\Flaş Arşivi\cepten gelenler\IMG_20201229_141814.jpg,179.6,2020-12-29 14:18
benzer,85,C:\Users\EKO\Downloads\Flaş Arşivi\cepten gelenler\1609891209177.jpg,60.1,2021-01-06 03:00
benzer,86,C:\Users\EKO\Downloads\Flaş Arşivi\cepten gelenler\1609891209177.jpg,60.1,2021-01-06 03:00
benzer,86,C:\Users\EKO\Downloads\Flaş Arşivi\cepten gelenler\1617669273174.jpg,60.1,2021-04-06 03:34
benzer,87,C:\Users\EKO\Downloads\Flaş Arşivi\cepten gelenler\Screenshot_20210404-164427.png,975.2,2021-04-04 16:44
benzer,88,C:\Users\EKO\Downloads\Flaş Arşivi\cepten gelenler\1617544822171.jpg,22.5,2021-04-04 17:00
benzer,89,C:\Users\EKO\Downloads\Flaş Arşivi\cepten gelenler\Screenshot_20210405-173852.png,196.7,2021-04-05 17:38
benzer,90,C:\Users\EKO\Downloads\Flaş Arşivi\cepten gelenler\1617669002929.jpg,11.3,2021-04-06 03:30
benzer,91,C:\Users\EKO\Downloads\Flaş Arşivi\cepten gelenler\Screenshot_20210405-173817.png,145.6,2021-04-05 17:38
benzer,92,C:\Users\EKO\Downloads\Flaş Arşivi\cepten gelenler\1617669003145.jpg,11.8,2021-04-06 03:30
benzer,93,C:\Users\EKO\Downloads\Flaş Arşivi\cepten gelenler\Screenshot_20210405-173840.png,197.5,2021-04-05 17:38
benzer,94,C:\Users\EKO\Downloads\Flaş Arşivi\cepten gelenler\1617669003395.jpg,14.0,2021-04-06 03:30
benzer,95,C:\Users\EKO\Downloads\Flaş Arşivi\cepten gelenler\Screenshot_20210405-173801.png,182.9,2021-04-05 17:38
benzer,96,C:\Users\EKO\Downloads\Flaş Arşivi\cepten gelenler\1617669045918.jpg,16.3,2021-04-06 03:30
benzer,97,C:\Users\EKO\Downloads\Flaş Arşivi\cepten gelenler\Screenshot_20210405-173740.png,151.2,2021-04-05 17:37
benzer,98,C:\Users\EKO\Downloads\Flaş Arşivi\cepten gelenler\1617669046033.jpg,14.2,2021-04-06 03:30
benzer,99,C:\Users\EKO\Downloads\Flaş Arşivi\cepten gelenler\Screenshot_20210405-173750.png,152.1,2021-04-05 17:37
benzer,100,C:\Users\EKO\Downloads\Flaş Arşivi\cepten gelenler\1617669046107.jpg,14.0,2021-04-06 03:30
benzer,101,C:\Users\EKO\Downloads\Flaş Arşivi\cepten gelenler\Screenshot_20210405-173730.png,216.6,2021-04-05 17:37
benzer,102,C:\Users\EKO\Downloads\Flaş Arşivi\cepten gelenler\1617669046361.jpg,12.5,2021-04-06 03:30
benzer,103,C:\Users\EKO\Downloads\Flaş Arşivi\cepten gelenler\Screenshot_20210405-173642.png,144.0,2021-04-05 17:36
benzer,104,C:\Users\EKO\Downloads\Flaş Arşivi\cepten gelenler\1617669046485.jpg,19.8,2021-04-06 03:30
benzer,105,C:\Users\EKO\Downloads\Flaş Arşivi\cepten gelenler\Screenshot_20210405-173701.png,166.1,2021-04-05 17:37
benzer,106,C:\Users\EKO\Downloads\Flaş Arşivi\cepten gelenler\1617669046578.jpg,14.6,2021-04-06 03:30
benzer,107,C:\Users\EKO\Downloads\Flaş Arşivi\cepten gelenler\Screenshot_20210405-173635.png,139.2,2021-04-05 17:36
benzer,108,C:\Users\EKO\Downloads\Flaş Arşivi\cepten gelenler\1617669046647.jpg,19.0,2021-04-06 03:30
benzer,109,C:\Users\EKO\Downloads\Flaş Arşivi\cepten gelenler\Screenshot_20210405-173458.png,151.6,2021-04-05 17:34
benzer,110,C:\Users\EKO\Downloads\Flaş Arşivi\cepten gelenler\1617669047557.jpg,13.7,2021-04-06 03:30
benzer,111,C:\Users\EKO\Downloads\Flaş Arşivi\cepten gelenler\Screenshot_20210405-173511.png,96.2,2021-04-05 17:35
benzer,112,C:\Users\EKO\Downloads\Flaş Arşivi\cepten gelenler\1617669047607.jpg,11.3,2021-04-06 03:30
benzer,113,C:\Users\EKO\Downloads\Flaş Arşivi\cepten gelenler\Screenshot_20210405-173553.png,85.4,2021-04-05 17:35
benzer,114,C:\Users\EKO\Downloads\Flaş Arşivi\cepten gelenler\1617669047663.jpg,11.0,2021-04-06 03:30
benzer,115,C:\Users\EKO\Downloads\Flaş Arşivi\cepten gelenler\Screenshot_20210405-173601.png,175.8,2021-04-05 17:36
benzer,116,C:\Users\EKO\Downloads\Flaş Arşivi\cepten gelenler\1617669047719.jpg,10.2,2021-04-06 03:30
benzer,117,C:\Users\EKO\Downloads\Flaş Arşivi\cepten gelenler\Screenshot_20210405-173612.png,192.7,2021-04-05 17:36
benzer,118,C:\Users\EKO\Downloads\Flaş Arşivi\cepten gelenler\1617669047781.jpg,15.7,2021-04-06 03:30
benzer,119,C:\Users\EKO\Downloads\Flaş Arşivi\cepten gelenler\Screenshot_20210404-174304.png,681.8,2021-04-04 17:43
benzer,120,C:\Users\EKO\Downloads\Flaş Arşivi\cepten gelenler\1617669216852.jpg,15.6,2021-04-06 03:33
benzer,121,C:\Users\EKO\Downloads\Flaş Arşivi\cepten gelenler\IMG_20210403_043205.jpg,64.2,2021-04-03 04:32
benzer,122,C:\Users\EKO\Downloads\Flaş Arşivi\cepten gelenler\1617669218195.jpg,26.3,2021-04-06 03:33
benzer,123,C:\Users\EKO\Downloads\Flaş Arşivi\cepten gelenler\IMG_20210402_025351.jpg,265.7,2021-04-02 02:53
benzer,124,C:\Users\EKO\Downloads\Flaş Arşivi\cepten gelenler\1617669229225.jpg,26.2,2021-04-06 03:33
benzer,125,C:\Users\EKO\Downloads\Flaş Arşivi\cepten gelenler\IMG_20210402_032040.jpg,64.7,2021-04-02 03:20
benzer,126,C:\Users\EKO\Downloads\Flaş Arşivi\cepten gelenler\1617669229322.jpg,41.6,2021-04-06 03:33
benzer,127,C:\Users\EKO\Downloads\Flaş Arşivi\cepten gelenler\Screenshot_20210331-210926.png,296.0,2021-03-31 21:09
benzer,128,C:\Users\EKO\Downloads\Flaş Arşivi\cepten gelenler\1617669230970.jpg,15.2,2021-04-06 03:33
benzer,129,C:\Users\EKO\Downloads\Flaş Arşivi\cepten gelenler\IMG_20210331_184157.jpg,250.4,2021-03-31 18:41
benzer,130,C:\Users\EKO\Downloads\Flaş Arşivi\cepten gelenler\1617669232699.jpg,29.9,2021-04-06 03:33
benzer,131,C:\Users\EKO\Downloads\Flaş Arşivi\cepten gelenler\IMG_20210330_194950.jpg,50.4,2021-03-30 19:49
benzer,132,C:\Users\EKO\Downloads\Flaş Arşivi\cepten gelenler\1617669233829.jpg,21.5,2021-04-06 03:33
benzer,133,C:\Users\EKO\Downloads\Flaş Arşivi\cepten gelenler\IMG_20210329_140736.jpg,188.1,2021-03-29 14:07
benzer,134,C:\Users\EKO\Downloads\Flaş Arşivi\cepten gelenler\1617669233980.jpg,15.3,2021-04-06 03:33
benzer,135,C:\Users\EKO\Downloads\Flaş Arşivi\cepten gelenler\Screenshot_20210328-175539.png,443.3,2021-03-28 17:55
benzer,136,C:\Users\EKO\Downloads\Flaş Arşivi\cepten gelenler\1617669234126.jpg,8.7,2021-04-06 03:33
benzer,137,C:\Users\EKO\Downloads\Flaş Arşivi\cepten gelenler\Screenshot_20210327-230107.png,1017.8,2021-03-27 23:01
benzer,138,C:\Users\EKO\Downloads\Flaş Arşivi\cepten gelenler\1617669234572.jpg,18.4,2021-04-06 03:33
benzer,139,C:\Users\EKO\Downloads\Flaş Arşivi\cepten gelenler\Screenshot_20210324-234017.png,851.3,2021-03-24 23:40
benzer,140,C:\Users\EKO\Downloads\Flaş Arşivi\cepten gelenler\1617669252068.jpg,15.0,2021-04-06 03:34
benzer,141,C:\Users\EKO\Downloads\Flaş Arşivi\cepten gelenler\Screenshot_20210324-233450.png,246.0,2021-03-24 23:34
benzer,142,C:\Users\EKO\Downloads\Flaş Arşivi\cepten gelenler\1617669252223.jpg,7.5,2021-04-06 03:34
benzer,143,C:\Users\EKO\Downloads\Flaş Arşivi\cepten gelenler\Screenshot_20210324-233431.png,214.9,2021-03-24 23:34
benzer,144,C:\Users\EKO\Downloads\Flaş Arşivi\cepten gelenler\1617669252304.jpg,5.0,2021-04-06 03:34
benzer,145,C:\Users\EKO\Downloads\Flaş Arşivi\cepten gelenler\IMG_20210324_090559_3.jpg,3689.2,2021-03-24 09:06
benzer,146,C:\Users\EKO\Downloads\Flaş Arşivi\cepten gelenler\1617669252562.jpg,38.9,2021-04-06 03:34
benzer,147,C:\Users\EKO\Downloads\Flaş Arşivi\cepten gelenler\Screenshot_20210324-003005.png,715.4,2021-03-24 00:30
benzer,148,C:\Users\EKO\Downloads\Flaş Arşivi\cepten gelenler\1617669252968.jpg,18.8,2021-04-06 03:34
benzer,149,C:\Users\EKO\Downloads\Flaş Arşivi\cepten gelenler\Screenshot_20210323-235127.png,904.7,2021-03-23 23:51
benzer,150,C:\Users\EKO\Downloads\Flaş Arşivi\cepten gelenler\1617669253089.jpg,29.6,2021-04-06 03:34
benzer,151,C:\Users\EKO\Downloads\Flaş Arşivi\cepten gelenler\IMG_20210322_232551.jpg,107.0,2021-03-22 23:25
benzer,152,C:\Users\EKO\Downloads\Flaş Arşivi\cepten gelenler\1617669253164.jpg,42.4,2021-04-06 03:34
benzer,153,C:\Users\EKO\Downloads\Flaş Arşivi\cepten gelenler\Screenshot_20210322-165158.png,198.0,2021-03-22 16:52
benzer,154,C:\Users\EKO\Downloads\Flaş Arşivi\cepten gelenler\1617669253398.jpg,25.6,2021-04-06 03:34
benzer,155,C:\Users\EKO\Downloads\Flaş Arşivi\cepten gelenler\IMG_20210318_025704.jpg,362.7,2021-03-18 02:57
benzer,156,C:\Users\EKO\Downloads\Flaş Arşivi\cepten gelenler\1617669254200.jpg,44.1,2021-04-06 03:34
benzer,157,C:\Users\EKO\Downloads\Flaş Arşivi\cepten gelenler\Screenshot_20210315-220338.png,1046.0,2021-03-15 22:03
benzer,158,C:\Users\EKO\Downloads\Flaş Arşivi\cepten gelenler\1617669254324.jpg,21.2,2021-04-06 03:34
benzer,159,C:\Users\EKO\Downloads\Flaş Arşivi\cepten gelenler\IMG_20210315_163315_4.jpg,2017.8,2021-03-15 16:33
benzer,160,C:\Users\EKO\Downloads\Flaş Arşivi\cepten gelenler\1617669255112.jpg,37.1,2021-04-06 03:34
benzer,161,C:\Users\EKO\Downloads\Flaş Arşivi\cepten gelenler\Screenshot_20210311-153723.png,380.7,2021-03-11 15:37
benzer,162,C:\Users\EKO\Downloads\Flaş Arşivi\cepten gelenler\1617669255638.jpg,9.6,2021-04-06 03:34
benzer,163,C:\Users\EKO\Downloads\Flaş Arşivi\cepten gelenler\IMG_20210313_000145.jpg,62.6,2021-03-13 00:01
benzer,164,C:\Users\EKO\Downloads\Flaş Arşivi\cepten gelenler\1617669255734.jpg,12.5,2021-04-06 03:34
benzer,165,C:\Users\EKO\Downloads\Flaş Arşivi\cepten gelenler\Screenshot_20210304-210152.png,1121.3,2021-03-04 21:01
benzer,166,C:\Users\EKO\Downloads\Flaş Arşivi\cepten gelenler\1617669257494.jpg,29.7,2021-04-06 03:34
benzer,167,C:\Users\EKO\Downloads\Flaş Arşivi\cepten gelenler\IMG_20210304_124649.jpg,163.5,2021-03-04 12:46
benzer,168,C:\Users\EKO\Downloads\Flaş Arşivi\cepten gelenler\1617669257627.jpg,17.4,2021-04-06 03:34
benzer,169,C:\Users\EKO\Downloads\Flaş Arşivi\cepten gelenler\IMG_20210303_193016_3.jpg,1096.0,2021-03-03 19:30
benzer,170,C:\Users\EKO\Downloads\Flaş Arşivi\cepten gelenler\1617669257806.jpg,10.6,2021-04-06 03:34
benzer,171,C:\Users\EKO\Downloads\Flaş Arşivi\cepten gelenler\IMG_20210208_171026_4.jpg,2519.3,2021-02-08 17:10
benzer,172,C:\Users\EKO\Downloads\Flaş Arşivi\cepten gelenler\1617669264324.jpg,21.8,2021-04-06 03:34
benzer,173,C:\Users\EKO\Downloads\Flaş Arşivi\cepten gelenler\IMG_20210210_221406_5.jpg,2902.0,2021-02-10 22:14
benzer,174,C:\Users\EKO\Downloads\Flaş Arşivi\cepten gelenler\1617669264907.jpg,30.1,2021-04-06 03:34
benzer,175,C:\Users\EKO\Downloads\Flaş Arşivi\cepten gelenler\IMG_20201223_204356_1.jpg,2666.5,2020-12-23 20:43
benzer,176,C:\Users\EKO\Downloads\Flaş Arşivi\cepten gelenler\1617669273103.jpg,27.5,2021-04-06 03:34
benzer,177,C:\Users\EKO\Downloads\Flaş Arşivi\cepten gelenler\IMG_20210119_224200.jpg,65.2,2021-01-19 22:42
benzer,178,C:\Users\EKO\Downloads\Flaş Arşivi\cepten gelenler\1617669274599.jpg,22.8,2021-04-06 03:34
benzer,179,C:\Users\EKO\Downloads\Flaş Arşivi\cepten gelenler\Screenshot_20210108-195210.png,986.6,2021-01-08 19:52
benzer,180,C:\Users\EKO\Downloads\Flaş Arşivi\cepten gelenler\1617669274707.jpg,15.9,2021-04-06 03:34
benzer,181,C:\Users\EKO\Downloads\Flaş Arşivi\cepten gelenler\IMG_20210108_191934.jpg,193.3,2021-01-08 19:19
benzer,182,C:\Users\EKO\Downloads\Flaş Arşivi\cepten gelenler\1617669274773.jpg,17.2,2021-04-06 03:34
benzer,183,C:\Users\EKO\Downloads\Flaş Arşivi\cepten gelenler\Screenshot_20201221-235942.png,1153.3,2020-12-21 23:59
benzer,184,C:\Users\EKO\Downloads\Flaş Arşivi\cepten gelenler\1617669277518.jpg,19.6,2021-04-06 03:34
benzer,185,C:\Users\EKO\Downloads\Flaş Arşivi\cepten gelenler\IMG_20201221_235811.jpg,180.4,2020-12-21 23:58
benzer,186,C:\Users\EKO\Downloads\Flaş Arşivi\cepten gelenler\1617669277946.jpg,3.3,2021-04-06 03:34
benzer,187,C:\Users\EKO\Downloads\Flaş Arşivi\cepten gelenler\IMG_20201221_235759.jpg,413.6,2020-12-21 23:58
benzer,188,C:\Users\EKO\Downloads\Flaş Arşivi\cepten gelenler\1617669278400.jpg,4.7,2021-04-06 03:34
benzer,189,C:\Users\EKO\Downloads\Flaş Arşivi\cepten gelenler\IMG_20201221_100107.jpg,89.0,2020-12-21 10:01
benzer,190,C:\Users\EKO\Downloads\Flaş Arşivi\cepten gelenler\1617669278530.jpg,12.6,2021-04-06 03:34
benzer,191,C:\Users\EKO\Downloads\Flaş Arşivi\cepten gelenler\IMG_20201221_235804.jpg,38.7,2020-12-21 23:58
benzer,192,C:\Users\EKO\Downloads\Flaş Arşivi\cepten gelenler\1617669278819.jpg,1.0,2021-04-06 03:34
benzer,193,C:\Users\EKO\Downloads\Flaş Arşivi\cepten gelenler\IMG_20201219_200103.jpg,76.3,2020-12-19 20:01
benzer,194,C:\Users\EKO\Downloads\Flaş Arşivi\cepten gelenler\1617669279019.jpg,49.3,2021-04-06 03:34
benzer,195,C:\Users\EKO\Downloads\Flaş Arşivi\cepten gelenler\IMG_20201219_201156.jpg,267.6,2020-12-19 20:11
benzer,196,C:\Users\EKO\Downloads\Flaş Arşivi\cepten gelenler\1617669279161.jpg,28.3,2021-04-06 03:34
benzer,197,C:\Users\EKO\Downloads\Flaş Arşivi\cepten gelenler\IMG_20201208_125055.jpg,114.0,2020-12-08 12:50
benzer,198,C:\Users\EKO\Downloads\Flaş Arşivi\cepten gelenler\1617669279315.jpg,13.3,2021-04-06 03:34
benzer,199,C:\Users\EKO\Downloads\Flaş Arşivi\cepten gelenler\Screenshot_20201129-015740.png,2100.8,2020-11-29 01:57
benzer,200,C:\Users\EKO\Downloads\Flaş Arşivi\cepten gelenler\1617669280496.jpg,31.5,2021-04-06 03:34
benzer,201,C:\Users\EKO\Downloads\Flaş Arşivi\cepten gelenler\Screenshot_20201127-005749.png,1223.6,2020-11-27 00:57
benzer,202,C:\Users\EKO\Downloads\Flaş Arşivi\cepten gelenler\1617669280794.jpg,24.2,2021-04-06 03:34
benzer,203,C:\Users\EKO\Downloads\Flaş Arşivi\cepten gelenler\IMG_20201108_005440.jpg,546.7,2020-11-08 00:54
benzer,203,C:\Users\EKO\Downloads\Flaş Arşivi\Minnara\1617669282244.jpg,51.7,2021-04-06 03:34
benzer,204,C:\Users\EKO\Downloads\Flaş Arşivi\cepten gelenler\1617669282244.jpg,51.7,2021-04-06 03:34
benzer,204,C:\Users\EKO\Downloads\Flaş Arşivi\Minnara\1617669282244.jpg,51.7,2021-04-06 03:34
benzer,205,C:\Users\EKO\Downloads\Flaş Arşivi\cepten gelenler\1617669282244.jpg,51.7,2021-04-06 03:34
benzer,205,C:\Users\EKO\Downloads\Flaş Arşivi\cepten gelenler\IMG_20201108_005440.jpg,546.7,2020-11-08 00:54
benzer,206,C:\Users\EKO\Downloads\Flaş Arşivi\Minnara\1617669282407.jpg,23.1,2021-04-06 03:34
benzer,206,C:\Users\EKO\Downloads\Flaş Arşivi\cepten gelenler\IMG_20201108_013504.jpg,346.2,2020-11-08 01:35
benzer,207,C:\Users\EKO\Downloads\Flaş Arşivi\cepten gelenler\1617669282407.jpg,23.1,2021-04-06 03:34
benzer,207,C:\Users\EKO\Downloads\Flaş Arşivi\Minnara\1617669282407.jpg,23.1,2021-04-06 03:34
benzer,208,C:\Users\EKO\Downloads\Flaş Arşivi\cepten gelenler\1617669282407.jpg,23.1,2021-04-06 03:34
benzer,208,C:\Users\EKO\Downloads\Flaş Arşivi\cepten gelenler\IMG_20201108_013504.jpg,346.2,2020-11-08 01:35
benzer,209,C:\Users\EKO\Downloads\Flaş Arşivi\cepten gelenler\IMG_20201106_201147.jpg,232.4,2020-11-06 20:11
benzer,210,C:\Users\EKO\Downloads\Flaş Arşivi\cepten gelenler\1617669284117.jpg,72.3,2021-04-06 03:34
benzer,211,C:\Users\EKO\Downloads\Flaş Arşivi\cepten gelenler\IMG_20201015_025743.jpg,464.9,2020-10-15 02:57
benzer,212,C:\Users\EKO\Downloads\Flaş Arşivi\cepten gelenler\1617669284950.jpg,36.0,2021-04-06 03:34
benzer,213,C:\Users\EKO\Downloads\Flaş Arşivi\cepten gelenler\IMG_20201015_025759.jpg,85.2,2020-10-15 02:58
benzer,214,C:\Users\EKO\Downloads\Flaş Arşivi\cepten gelenler\1617669285027.jpg,28.1,2021-04-06 03:34
benzer,215,C:\Users\EKO\Downloads\Flaş Arşivi\cepten gelenler\IMG_20201008_165500.jpg,232.0,2020-10-08 16:55
benzer,216,C:\Users\EKO\Downloads\Flaş Arşivi\cepten gelenler\1617669285283.jpg,89.6,2021-04-06 03:34
benzer,217,C:\Users\EKO\Downloads\Flaş Arşivi\cepten gelenler\IMG_20201008_222247.jpg,522.6,2020-10-08 22:22
benzer,218,C:\Users\EKO\Downloads\Flaş Arşivi\cepten gelenler\1617669286342.jpg,45.3,2021-04-06 03:34
benzer,219,C:\Users\EKO\Downloads\Flaş Arşivi\cepten gelenler\IMG_20200927_185636.jpg,50.4,2020-09-27 18:56
benzer,220,C:\Users\EKO\Downloads\Flaş Arşivi\cepten gelenler\1617669287799.jpg,18.8,2021-04-06 03:34
benzer,221,C:\Users\EKO\Downloads\Flaş Arşivi\cepten gelenler\IMG_20200923_183545_1.jpg,3510.3,2020-09-23 18:35
benzer,222,C:\Users\EKO\Downloads\Flaş Arşivi\cepten gelenler\1617669288295.jpg,41.6,2021-04-06 03:34
benzer,223,C:\Users\EKO\Downloads\Flaş Arşivi\cepten gelenler\IMG_20200919_171958.jpg,95.3,2020-09-19 17:19
benzer,224,C:\Users\EKO\Downloads\Flaş Arşivi\cepten gelenler\1617669288513.jpg,48.1,2021-04-06 03:34
benzer,225,C:\Users\EKO\Downloads\Flaş Arşivi\cepten gelenler\Screenshot_20210211-214313.png,387.8,2021-02-11 21:43
benzer,226,C:\Users\EKO\Downloads\Flaş Arşivi\cepten gelenler\1617669697894.jpg,11.6,2021-04-06 03:41
benzer,227,C:\Users\EKO\Downloads\Flaş Arşivi\cepten gelenler\IMG_20210219_013523.jpg,177.4,2021-02-19 01:35
benzer,228,C:\Users\EKO\Downloads\Flaş Arşivi\cepten gelenler\1617669698317.jpg,8.6,2021-04-06 03:41
benzer,229,C:\Users\EKO\Downloads\Flaş Arşivi\cepten gelenler\Screenshot_20210211-162135.png,718.2,2021-02-11 16:21
benzer,230,C:\Users\EKO\Downloads\Flaş Arşivi\cepten gelenler\1617669698651.jpg,22.9,2021-04-06 03:41
benzer,231,C:\Users\EKO\Downloads\Flaş Arşivi\cepten gelenler\IMG_20201110_205014.jpg,3267.6,2020-11-10 20:50
benzer,232,C:\Users\EKO\Downloads\Flaş Arşivi\cepten gelenler\1617669713775.jpg,22.5,2021-04-06 03:41
benzer,233,C:\Users\EKO\Downloads\Flaş Arşivi\cepten gelenler\IMG_20201113_232629.jpg,129.3,2020-11-13 23:26
benzer,234,C:\Users\EKO\Downloads\Flaş Arşivi\cepten gelenler\1617669714026.jpg,10.9,2021-04-06 03:41
benzer,235,C:\Users\EKO\Downloads\Flaş Arşivi\cepten gelenler\IMG_20210604_231551.jpg,126.4,2021-06-04 23:15
benzer,236,C:\Users\EKO\Downloads\Flaş Arşivi\cepten gelenler\1622925176115.jpg,36.8,2021-06-05 23:32
benzer,237,C:\Users\EKO\Downloads\Flaş Arşivi\cepten gelenler\Screenshot_20210731-185144.png,497.2,2021-07-31 18:51
benzer,238,C:\Users\EKO\Downloads\Flaş Arşivi\cepten gelenler\1627819412061.jpg,16.7,2021-08-01 15:03
benzer,239,C:\Users\EKO\Downloads\Flaş Arşivi\cepten gelenler\IMG_20210731_155615.jpg,96.9,2021-07-31 15:56
benzer,240,C:\Users\EKO\Downloads\Flaş Arşivi\cepten gelenler\1627819449646.jpg,37.4,2021-08-01 15:04
benzer,241,C:\Users\EKO\Downloads\Flaş Arşivi\cepten gelenler\IMG_20210731_160130.jpg,143.4,2021-07-31 16:01
benzer,242,C:\Users\EKO\Downloads\Flaş Arşivi\cepten gelenler\1627819449864.jpg,51.8,2021-08-01 15:04
benzer,243,C:\Users\EKO\Downloads\Flaş Arşivi\cepten gelenler\IMG_20210731_125217.jpg,69.8,2021-07-31 12:52
benzer,244,C:\Users\EKO\Downloads\Flaş Arşivi\cepten gelenler\1627819450007.jpg,30.3,2021-08-01 15:04
benzer,245,C:\Users\EKO\Downloads\Flaş Arşivi\cepten gelenler\IMG_20210731_110234.jpg,23.6,2021-07-31 11:02
benzer,246,C:\Users\EKO\Downloads\Flaş Arşivi\cepten gelenler\1627819450272.jpg,25.2,2021-08-01 15:04
benzer,247,C:\Users\EKO\Downloads\Flaş Arşivi\cepten gelenler\IMG_20210731_155609.jpg,84.2,2021-07-31 15:56
benzer,248,C:\Users\EKO\Downloads\Flaş Arşivi\cepten gelenler\1627819450608.jpg,34.5,2021-08-01 15:04
benzer,249,C:\Users\EKO\Downloads\Flaş Arşivi\cepten gelenler\Screenshot_20210731-182906.png,538.6,2021-07-31 18:29
benzer,250,C:\Users\EKO\Downloads\Flaş Arşivi\cepten gelenler\1627819450884.jpg,20.8,2021-08-01 15:04
benzer,251,C:\Users\EKO\Downloads\Flaş Arşivi\cepten gelenler\IMG_20210726_235049.jpg,201.8,2021-07-26 23:50
benzer,252,C:\Users\EKO\Downloads\Flaş Arşivi\cepten gelenler\1627819451306.jpg,24.1,2021-08-01 15:04
benzer,253,C:\Users\EKO\Downloads\Flaş Arşivi\cepten gelenler\IMG_20210727_231508.jpg,147.8,2021-07-27 23:15
benzer,254,C:\Users\EKO\Downloads\Flaş Arşivi\cepten gelenler\1627819451593.jpg,22.9,2021-08-01 15:04
benzer,255,C:\Users\EKO\Downloads\Flaş Arşivi\cepten gelenler\IMG_20210729_140202.jpg,352.1,2021-07-29 14:02
benzer,256,C:\Users\EKO\Downloads\Flaş Arşivi\cepten gelenler\1627819452000.jpg,48.6,2021-08-01 15:04
benzer,257,C:\Users\EKO\Downloads\Flaş Arşivi\cepten gelenler\Screenshot_20210729-174610.png,122.0,2021-07-29 17:46
benzer,258,C:\Users\EKO\Downloads\Flaş Arşivi\cepten gelenler\1627819452308.jpg,17.2,2021-08-01 15:04
benzer,259,C:\Users\EKO\Downloads\Flaş Arşivi\cepten gelenler\IMG_20210730_030524.jpg,106.5,2021-07-30 03:05
benzer,260,C:\Users\EKO\Downloads\Flaş Arşivi\cepten gelenler\1627819452634.jpg,14.0,2021-08-01 15:04
benzer,261,C:\Users\EKO\Downloads\Flaş Arşivi\cepten gelenler\IMG_20210730_163610.jpg,199.6,2021-07-30 16:36
benzer,262,C:\Users\EKO\Downloads\Flaş Arşivi\cepten gelenler\1627819452727.jpg,19.6,2021-08-01 15:04
benzer,263,C:\Users\EKO\Downloads\Flaş Arşivi\cepten gelenler\IMG_20210823_033711.jpg,65.1,2021-08-23 03:37
benzer,264,C:\Users\EKO\Downloads\Flaş Arşivi\cepten gelenler\1629682180060.jpg,23.8,2021-08-23 04:29
benzer,265,C:\Users\EKO\Downloads\Flaş Arşivi\cepten gelenler\Screenshot_20210823-023408.png,125.4,2021-08-23 02:34
benzer,266,C:\Users\EKO\Downloads\Flaş Arşivi\cepten gelenler\1629682180262.jpg,20.3,2021-08-23 04:29
benzer,267,C:\Users\EKO\Downloads\Flaş Arşivi\Minnara\IMG_20200517_115223.jpg,100.0,2020-05-17 11:52
benzer,268,C:\Users\EKO\Downloads\Flaş Arşivi\cepten gelenler\IMG_20200517_115223.jpg,100.0,2020-05-17 11:52
benzer,269,C:\Users\EKO\Downloads\Flaş Arşivi\Minnara\1598379742490.jpg,34.7,2020-08-25 21:22
benzer,270,C:\Users\EKO\Downloads\Flaş Arşivi\cepten gelenler\IMG_20200825_172552_7.jpg,3265.1,2020-08-25 17:25
benzer,271,C:\Users\EKO\Downloads\Flaş Arşivi\Minnara\1617669283398.jpg,21.4,2021-04-06 03:34
benzer,272,C:\Users\EKO\Downloads\Flaş Arşivi\cepten gelenler\IMG_20201103_171812_8.jpg,2112.7,2020-11-03 17:18
benzer,273,C:\Users\EKO\Downloads\Flaş Arşivi\Minnara\1617669283061.jpg,18.2,2021-04-06 03:34
benzer,274,C:\Users\EKO\Downloads\Flaş Arşivi\cepten gelenler\IMG_20201104_143725_7.jpg,2697.5,2020-11-04 14:37
benzer,275,C:\Users\EKO\Downloads\Flaş Arşivi\Ekran Görüntüleri\IMG_20210901_125647.jpg,34.2,2021-09-01 12:56
benzer,276,C:\Users\EKO\Downloads\Flaş Arşivi\cepten gelenler\IMG_20210901_125647.jpg,34.2,2021-09-01 12:56
benzer,277,C:\Users\EKO\Downloads\Flaş Arşivi\Ekran Görüntüleri\IMG_20210901_213239.jpg,64.0,2021-09-01 21:32
benzer,278,C:\Users\EKO\Downloads\Flaş Arşivi\cepten gelenler\IMG_20210901_213239.jpg,64.0,2021-09-01 21:32
benzer,279,C:\Users\EKO\Downloads\Flaş Arşivi\Ekran Görüntüleri\IMG_20210901_222302.jpg,163.8,2021-12-26 21:52
benzer,280,C:\Users\EKO\Downloads\Flaş Arşivi\cepten gelenler\IMG_20210901_222302.jpg,147.1,2021-09-01 22:23
benzer,281,C:\Users\EKO\Downloads\Flaş Arşivi\Ekran Görüntüleri\IMG_20210901_225559.jpg,83.9,2021-09-01 22:56
benzer,282,C:\Users\EKO\Downloads\Flaş Arşivi\cepten gelenler\IMG_20210901_225559.jpg,83.9,2021-09-01 22:56
benzer,283,C:\Users\EKO\Downloads\Flaş Arşivi\Ekran Görüntüleri\IMG_20210901_232827.jpg,153.9,2021-09-01 23:28
benzer,284,C:\Users\EKO\Downloads\Flaş Arşivi\cepten gelenler\IMG_20210901_232827.jpg,153.9,2021-09-01 23:28
benzer,285,C:\Users\EKO\Downloads\Flaş Arşivi\Ekran Görüntüleri\IMG_20210902_120229.jpg,370.3,2021-09-02 12:02
benzer,286,C:\Users\EKO\Downloads\Flaş Arşivi\cepten gelenler\IMG_20210902_120229.jpg,370.3,2021-09-02 12:02
benzer,287,C:\Users\EKO\Downloads\Flaş Arşivi\Ekran Görüntüleri\IMG_20210906_020441.jpg,27.9,2021-09-06 02:04
benzer,288,C:\Users\EKO\Downloads\Flaş Arşivi\cepten gelenler\IMG_20210906_020441.jpg,27.9,2021-09-06 02:04
benzer,289,C:\Users\EKO\Downloads\Flaş Arşivi\Ekran Görüntüleri\IMG_20210906_023439.jpg,75.6,2021-09-06 02:34
benzer,290,C:\Users\EKO\Downloads\Flaş Arşivi\cepten gelenler\IMG_20210906_023439.jpg,75.6,2021-09-06 02:34
benzer,291,C:\Users\EKO\Downloads\Flaş Arşivi\Minnara\IMG_20210906_023833.jpg,341.7,2021-09-06 02:38
benzer,291,C:\Users\EKO\Downloads\Flaş Arşivi\Ekran Görüntüleri\IMG_20210906_023833.jpg,341.7,2021-09-06 02:38
benzer,292,C:\Users\EKO\Downloads\Flaş Arşivi\Minnara\IMG_20210906_023833.jpg,341.7,2021-09-06 02:38
benzer,292,C:\Users\EKO\Downloads\Flaş Arşivi\cepten gelenler\IMG_20210906_023833.jpg,341.7,2021-09-06 02:38
benzer,293,C:\Users\EKO\Downloads\Flaş Arşivi\cepten gelenler\IMG_20210906_023833.jpg,341.7,2021-09-06 02:38
benzer,293,C:\Users\EKO\Downloads\Flaş Arşivi\Ekran Görüntüleri\IMG_20210906_023833.jpg,341.7,2021-09-06 02:38
benzer,294,C:\Users\EKO\Downloads\Flaş Arşivi\Minnara\IMG_20210906_023841.jpg,306.6,2021-09-06 02:38
benzer,294,C:\Users\EKO\Downloads\Flaş Arşivi\Ekran Görüntüleri\IMG_20210906_023841.jpg,306.6,2021-09-06 02:38
benzer,295,C:\Users\EKO\Downloads\Flaş Arşivi\cepten gelenler\IMG_20210906_023841.jpg,306.6,2021-09-06 02:38
benzer,295,C:\Users\EKO\Downloads\Flaş Arşivi\Minnara\IMG_20210906_023841.jpg,306.6,2021-09-06 02:38
benzer,296,C:\Users\EKO\Downloads\Flaş Arşivi\cepten gelenler\IMG_20210906_023841.jpg,306.6,2021-09-06 02:38
benzer,296,C:\Users\EKO\Downloads\Flaş Arşivi\Ekran Görüntüleri\IMG_20210906_023841.jpg,306.6,2021-09-06 02:38
benzer,297,C:\Users\EKO\Downloads\Flaş Arşivi\Ekran Görüntüleri\IMG_20210906_041450.jpg,63.7,2021-09-06 04:14
benzer,298,C:\Users\EKO\Downloads\Flaş Arşivi\cepten gelenler\IMG_20210906_041450.jpg,63.7,2021-09-06 04:14
benzer,299,C:\Users\EKO\Downloads\Flaş Arşivi\Ekran Görüntüleri\IMG_20210906_165445.jpg,52.5,2021-09-06 16:54
benzer,300,C:\Users\EKO\Downloads\Flaş Arşivi\cepten gelenler\IMG_20210906_165445.jpg,52.5,2021-09-06 16:54
benzer,301,C:\Users\EKO\Downloads\Flaş Arşivi\Ekran Görüntüleri\IMG_20210906_172957.jpg,166.9,2021-09-06 17:29
benzer,302,C:\Users\EKO\Downloads\Flaş Arşivi\cepten gelenler\IMG_20210906_172957.jpg,166.9,2021-09-06 17:29
benzer,303,C:\Users\EKO\Downloads\Flaş Arşivi\Ekran Görüntüleri\IMG_20210906_191344.jpg,416.9,2021-09-06 19:13
benzer,304,C:\Users\EKO\Downloads\Flaş Arşivi\cepten gelenler\IMG_20210906_191344.jpg,416.9,2021-09-06 19:13
benzer,305,C:\Users\EKO\Downloads\Flaş Arşivi\Ekran Görüntüleri\IMG_20210906_233350.jpg,101.5,2021-09-06 23:33
benzer,306,C:\Users\EKO\Downloads\Flaş Arşivi\cepten gelenler\IMG_20210906_233350.jpg,101.5,2021-09-06 23:33
benzer,307,C:\Users\EKO\Downloads\Flaş Arşivi\Ekran Görüntüleri\IMG_20210908_122617.jpg,89.9,2021-09-08 12:26
benzer,308,C:\Users\EKO\Downloads\Flaş Arşivi\cepten gelenler\IMG_20210908_122617.jpg,89.9,2021-09-08 12:26
benzer,309,C:\Users\EKO\Downloads\Flaş Arşivi\Ekran Görüntüleri\IMG_20210908_190021.jpg,479.6,2021-09-08 19:00
benzer,310,C:\Users\EKO\Downloads\Flaş Arşivi\cepten gelenler\IMG_20210908_190021.jpg,479.6,2021-09-08 19:00
benzer,311,C:\Users\EKO\Downloads\Flaş Arşivi\Ekran Görüntüleri\IMG_20210910_010337.jpg,37.6,2021-09-10 01:03
benzer,312,C:\Users\EKO\Downloads\Flaş Arşivi\cepten gelenler\IMG_20210910_010337.jpg,37.6,2021-09-10 01:03
benzer,313,C:\Users\EKO\Downloads\Flaş Arşivi\Ekran Görüntüleri\IMG_20210912_003257.jpg,94.6,2021-09-12 00:32
benzer,314,C:\Users\EKO\Downloads\Flaş Arşivi\cepten gelenler\IMG_20210912_003257.jpg,94.6,2021-09-12 00:32
benzer,315,C:\Users\EKO\Downloads\Flaş Arşivi\Ekran Görüntüleri\IMG_20210912_011028.jpg,348.6,2021-09-12 01:10
benzer,316,C:\Users\EKO\Downloads\Flaş Arşivi\cepten gelenler\IMG_20210912_011028.jpg,348.6,2021-09-12 01:10
benzer,317,C:\Users\EKO\Downloads\Flaş Arşivi\Ekran Görüntüleri\IMG_20210912_125305.jpg,24.6,2021-09-12 12:53
benzer,318,C:\Users\EKO\Downloads\Flaş Arşivi\cepten gelenler\IMG_20210912_125305.jpg,24.6,2021-09-12 12:53
benzer,319,C:\Users\EKO\Downloads\Flaş Arşivi\Ekran Görüntüleri\IMG_20210913_143721.jpg,318.0,2021-09-13 14:37
benzer,320,C:\Users\EKO\Downloads\Flaş Arşivi\cepten gelenler\IMG_20210913_143721.jpg,318.0,2021-09-13 14:37
benzer,321,C:\Users\EKO\Downloads\Flaş Arşivi\Ekran Görüntüleri\IMG_20210913_143724.jpg,160.7,2021-09-13 14:37
benzer,322,C:\Users\EKO\Downloads\Flaş Arşivi\cepten gelenler\IMG_20210913_143724.jpg,160.7,2021-09-13 14:37
benzer,323,C:\Users\EKO\Downloads\Flaş Arşivi\Ekran Görüntüleri\IMG_20210913_171326.jpg,1264.9,2021-09-13 17:13
benzer,324,C:\Users\EKO\Downloads\Flaş Arşivi\cepten gelenler\IMG_20210913_171326.jpg,1264.9,2021-09-13 17:13
benzer,325,C:\Users\EKO\Downloads\Flaş Arşivi\Ekran Görüntüleri\IMG_20210913_211615.jpg,88.3,2021-09-13 21:16
benzer,326,C:\Users\EKO\Downloads\Flaş Arşivi\cepten gelenler\IMG_20210913_211615.jpg,88.3,2021-09-13 21:16
benzer,327,C:\Users\EKO\Downloads\Flaş Arşivi\Ekran Görüntüleri\IMG_20210913_214908.jpg,273.3,2021-09-13 21:49
benzer,328,C:\Users\EKO\Downloads\Flaş Arşivi\cepten gelenler\IMG_20210913_214908.jpg,273.3,2021-09-13 21:49
benzer,329,C:\Users\EKO\Downloads\Flaş Arşivi\Ekran Görüntüleri\IMG_20210916_022500.jpg,97.9,2021-09-16 02:25
benzer,330,C:\Users\EKO\Downloads\Flaş Arşivi\cepten gelenler\IMG_20210916_022500.jpg,97.9,2021-09-16 02:25
benzer,331,C:\Users\EKO\Downloads\Flaş Arşivi\Ekran Görüntüleri\IMG_20210916_022508.jpg,91.3,2021-09-16 02:25
benzer,332,C:\Users\EKO\Downloads\Flaş Arşivi\cepten gelenler\IMG_20210916_022508.jpg,91.3,2021-09-16 02:25
benzer,333,C:\Users\EKO\Downloads\Flaş Arşivi\Ekran Görüntüleri\IMG_20210916_022515.jpg,336.0,2021-09-16 02:25
benzer,334,C:\Users\EKO\Downloads\Flaş Arşivi\cepten gelenler\IMG_20210916_022515.jpg,336.0,2021-09-16 02:25
benzer,335,C:\Users\EKO\Downloads\Flaş Arşivi\Ekran Görüntüleri\Screenshot_20210916-000532.png,1817.1,2021-09-16 00:05
benzer,336,C:\Users\EKO\Downloads\Flaş Arşivi\cepten gelenler\Screenshot_20210916-000532.png,1817.1,2021-09-16 00:05
benzer,337,C:\Users\EKO\Downloads\Flaş Arşivi\Minnara\IMG_20200907_121309_8.jpg,4152.8,2020-09-07 12:13
benzer,338,C:\Users\EKO\Downloads\Flaş Arşivi\Minnara\1599492297068.jpg,38.5,2020-09-07 18:24
benzer,339,C:\Users\EKO\Downloads\Flaş Arşivi\Minnara\IMG_20200907_121302_4.jpg,3348.7,2020-09-07 12:13
benzer,340,C:\Users\EKO\Downloads\Flaş Arşivi\Minnara\1599492297620.jpg,26.3,2020-09-07 18:24
benzer,341,C:\Users\EKO\Downloads\Flaş Arşivi\Minnara\IMG_20200907_121307_1.jpg,3732.0,2020-09-07 12:13
benzer,342,C:\Users\EKO\Downloads\Flaş Arşivi\Minnara\1599492297808.jpg,32.1,2020-09-07 18:24
benzer,343,C:\Users\EKO\Downloads\Flaş Arşivi\Minnara\IMG_20200906_080513_7.jpg,3962.2,2020-09-06 08:05
benzer,344,C:\Users\EKO\Downloads\Flaş Arşivi\Minnara\1599492297996.jpg,33.0,2020-09-07 18:24
benzer,345,C:\Users\EKO\Downloads\Flaş Arşivi\Minnara\Screenshot_20201130-011951.png,931.3,2020-11-30 01:19
benzer,346,C:\Users\EKO\Downloads\Flaş Arşivi\Minnara\1617669281522.jpg,13.3,2021-04-06 03:34
benzer,347,C:\Users\EKO\Downloads\Flaş Arşivi\Minnara\IMG-20210817-WA0003.jpg,111.5,2021-08-17 20:04
benzer,348,C:\Users\EKO\Downloads\Flaş Arşivi\Minnara\1629682181288.jpg,10.9,2021-08-23 04:29
benzer,349,C:\Users\EKO\Downloads\Flaş Arşivi\Minnara\IMG_20210927_155722_8.jpg,3412.8,2021-09-27 15:57
benzer,350,C:\Users\EKO\Downloads\Flaş Arşivi\Minnara\1632770821222.jpg,31.1,2021-09-27 22:27
benzer,351,C:\Users\EKO\Downloads\Flaş Arşivi\Minnara\IMG_20210927_145120_4.jpg,3423.0,2021-09-27 14:51
benzer,352,C:\Users\EKO\Downloads\Flaş Arşivi\Minnara\1632770821721.jpg,29.9,2021-09-27 22:27
benzer,353,C:\Users\EKO\Downloads\Flaş Arşivi\Minnara\IMG_20210927_145058_7.jpg,1527.2,2021-09-27 14:50
benzer,354,C:\Users\EKO\Downloads\Flaş Arşivi\Minnara\1632770821873.jpg,15.8,2021-09-27 22:27
benzer,355,C:\Users\EKO\Downloads\Flaş Arşivi\Minnara\IMG_20210927_155719_6.jpg,3616.1,2021-09-27 15:57
benzer,356,C:\Users\EKO\Downloads\Flaş Arşivi\Minnara\1632770822153.jpg,35.0,2021-09-27 22:27
benzer,357,C:\Users\EKO\Downloads\Flaş Arşivi\Minnara\IMG_20210926_110430_7.jpg,1781.6,2021-09-26 11:04
benzer,358,C:\Users\EKO\Downloads\Flaş Arşivi\Minnara\1632770826424.jpg,13.8,2021-09-27 22:27
benzer,359,C:\Users\EKO\Downloads\Flaş Arşivi\Minnara\IMG_20210926_112924_8.jpg,1769.2,2021-09-26 11:29
benzer,360,C:\Users\EKO\Downloads\Flaş Arşivi\Minnara\1632770828819.jpg,14.2,2021-09-27 22:27
benzer,361,C:\Users\EKO\Downloads\Flaş Arşivi\Minnara\IMG_20210926_112940_3.jpg,1705.6,2021-09-26 11:29
benzer,362,C:\Users\EKO\Downloads\Flaş Arşivi\Minnara\1632770829005.jpg,12.8,2021-09-27 22:27
